label_combination,best_model,n_samples,samples_imagery,samples_instruction,accuracy,precision_macro,recall_macro,f1_macro,precision_weighted,recall_weighted,f1_weighted,precision_imagery,recall_imagery,f1_imagery,precision_instruction,recall_instruction,f1_instruction,samples_baseline,precision_baseline,recall_baseline,f1_baseline
instruction_imagery,SVM,928,464.0,464.0,0.989247311827957,0.9894736842105263,0.989247311827957,0.9892460684551341,0.9894736842105264,0.989247311827957,0.9892460684551342,0.9789473684210527,1.0,0.9893617021276596,1.0,0.978494623655914,0.9891304347826086,,,,
instruction_baseline,RandomForest,928,,464.0,0.8225806451612904,0.8399122807017544,0.8225806451612903,0.8202898550724638,0.8399122807017543,0.8225806451612904,0.8202898550724638,,,,0.9166666666666666,0.7096774193548387,0.8,464.0,0.7631578947368421,0.9354838709677419,0.8405797101449275
imagery_baseline,RandomForest,928,464.0,,1.0,1.0,1.0,1.0,1.0,1.0,1.0,1.0,1.0,1.0,,,,464.0,1.0,1.0,1.0
