feature,importance,std
mean,0.33716076897287267,0.3091909668349446
dfa,0.3367726387308189,0.30118784820105193
skewness,0.32606659229630847,0.3004105377887906
