channel,mean,median,variance,std,skewness,kurtosis,zcr,energy,ptp,psd_delta,psd_theta,psd_alpha,psd_beta,total_power,rel_alpha,ratio_theta_alpha,ratio_beta_alpha,spectral_edge,sample_entropy,perm_entropy,higuchi_fd,hjorth_activity,hjorth_mobility,hjorth_complexity,spectral_entropy,lempel_ziv,phase_locking_value,alpha_peak_freq,ind_alpha_power,wavelet_complexity,signal_coherence,dyn_conn_variance,psd_gamma_low,psd_gamma_high,dfa,energy_ratio,microstate_var,label,session
O1,-0.192904301,0.315026902,61.97282879,7.872282311,-0.391259446,0.868659691,0.081070288,62.01004086,72.47340514,4.444686094,1.591012886,4.569834505,0.801713487,52.40829061,0.087196786,0.348155471,0.175436,24.4140625,2.063348022,0.705473759,1.317161267,61.97282879,0.280049715,1.78395669,4.418029086,173,0.29756136,11.23046875,4.487646542,8.531794636,0.319482228,0.008746875,0.052008679,2.35E-05,0.770366027,0.8800814,0.223663388,m_et_s,m_et_s
O1,-0.005910159,0.634934659,89.47367399,9.459052489,-0.43863932,0.701089732,0.076078275,89.47370892,69.86427859,4.886929677,2.103797992,7.404062338,0.948304528,69.76171185,0.10613361,0.284141043,0.12807895,21.484375,2.246972218,0.688536878,1.281007478,89.47367399,0.258088121,1.824462909,4.221542967,165,0.402241342,11.71875,5.856378521,8.492184049,0.374096334,0.006753226,0.065938202,1.32E-05,0.844627851,0.816501529,0.236772592,m_et_s,m_et_s
O1,-0.030476954,0.398984819,78.63654036,8.867724644,-0.467113015,0.862086417,0.081070288,78.63746921,73.20242151,4.866024589,1.647493128,5.740941081,0.94059327,61.08248947,0.093986691,0.286972659,0.163839562,23.4375,2.182418241,0.698809797,1.298889292,78.63654036,0.282134482,1.728400975,4.326422386,173,0.361965928,11.71875,6.917153346,8.516016258,0.333164245,0.009608121,0.067027785,1.70E-05,0.774880582,1.198527406,0.229944745,n_3_s,n_3_s
O1,-0.419997467,0.531920121,158.0416689,12.57146248,-1.002755861,4.429520927,0.076876997,158.2180668,118.5685782,10.61614069,2.616021213,6.808758705,1.022848754,87.95881932,0.077408482,0.384214117,0.150225437,19.53125,2.531429363,0.67692806,1.287341553,158.0416689,0.209295402,2.285059306,3.815815107,168,0.429370541,11.23046875,10.19919268,8.442148923,0.327466328,0.007889978,0.058762272,5.90E-05,0.913927097,2.415923638,0.229231487,n_3_s,n_3_s
