label_combination,best_model,n_samples,samples_imagery,samples_instruction,accuracy,precision_macro,recall_macro,f1_macro,precision_weighted,recall_weighted,f1_weighted,precision_imagery,recall_imagery,f1_imagery,precision_instruction,recall_instruction,f1_instruction,samples_baseline,precision_baseline,recall_baseline,f1_baseline
instruction_imagery,SVM,928,464.0,464.0,0.49353448275862066,0.49343891402714934,0.4935344827586207,0.49168344894458116,0.4934389140271493,0.49353448275862066,0.49168344894458116,0.49264705882352944,0.4331896551724138,0.4610091743119266,0.49423076923076925,0.5538793103448276,0.5223577235772358,,,,
instruction_baseline,SVM,928,,464.0,0.4730603448275862,0.4722135722327353,0.4730603448275862,0.46901499257567375,0.4722135722327353,0.4730603448275862,0.4690149925756738,,,,0.47706422018348627,0.5603448275862069,0.5153617443012884,464.0,0.46736292428198434,0.3857758620689655,0.42266824085005905
imagery_baseline,SVM,928,464.0,,0.4730603448275862,0.47233761464389445,0.4730603448275862,0.4695959016268896,0.47233761464389445,0.4730603448275862,0.4695959016268895,0.46786632390745503,0.3922413793103448,0.42672919109026963,,,,464.0,0.47680890538033394,0.5538793103448276,0.5124626121635095
