feature,importance,std
dfa,0.0,0.0
skewness,-0.016666666666666663,0.03726779962499649
mean,-0.02666666666666666,0.019999999999999997
