,precision,recall,f1-score,support
m_et_s,0.0,0.0,0.0,2.0
p_af_b,1.0,0.6666666666666666,0.8,3.0
p_af_s,0.75,1.0,0.8571428571428571,3.0
p_sf_b,0.7,1.0,0.8235294117647058,7.0
p_sf_s,0.5,0.3333333333333333,0.4,3.0
accuracy,0.7222222222222222,0.7222222222222222,0.7222222222222222,0.7222222222222222
macro avg,0.5900000000000001,0.6,0.5761344537815126,18.0
weighted avg,0.6472222222222221,0.7222222222222222,0.6631185807656396,18.0
