index,true_label,predicted_label,channel,mean,median,variance,std,skewness,kurtosis,zcr,energy,ptp,psd_delta,psd_theta,psd_alpha,psd_beta,total_power,rel_alpha,ratio_theta_alpha,ratio_beta_alpha,spectral_edge,sample_entropy,perm_entropy,higuchi_fd,hjorth_activity,hjorth_mobility,hjorth_complexity,spectral_entropy,lempel_ziv,phase_locking_value,alpha_peak_freq,ind_alpha_power,wavelet_complexity,signal_coherence,dyn_conn_variance,psd_gamma_low,psd_gamma_high,dfa,energy_ratio,microstate_var,label,session
98,instruction,imagery,O2,-0.169523194,0.692428452,141.7343623,11.90522416,-0.512638968,0.98962975,0.091403162,141.7631005,95.75342645,7.459907187,2.616577897,17.47124788,1.647204294,132.380702,0.131977302,0.149764797,0.094280861,22.4609375,2.476977309,0.682125681,1.287849092,141.7343623,0.286930427,1.676560159,4.013108501,151,0.515507089,10.7421875,23.45825498,8.196811263,0.314485455,0.013702008,0.091463051,2.53e-05,0.740585822,0.868331268,0.183628705,instruction,instruction
9,instruction,imagery,Oz,0.075747344,0.339183925,96.19238013,9.807771415,-0.20269921,0.711726019,0.099555336,96.19811779,79.53321296,4.410182142,2.106239808,9.620929936,1.325095523,83.99094482,0.114547228,0.218922684,0.137730503,26.3671875,2.283175073,0.704768084,1.33063212,96.19238013,0.307731014,1.659861107,4.309073026,167,0.390348551,10.7421875,15.74185736,8.239389462,0.356075084,0.003648121,0.101150351,2.74e-05,0.72233722,0.760281487,0.212529572,instruction,instruction
