label_combination,best_model,n_samples,samples_imagery,samples_instruction,accuracy,precision_macro,recall_macro,f1_macro,precision_weighted,recall_weighted,f1_weighted,precision_imagery,recall_imagery,f1_imagery,precision_instruction,recall_instruction,f1_instruction,samples_baseline,precision_baseline,recall_baseline,f1_baseline
instruction_imagery,SVM,928,464.0,464.0,0.4795258620689655,0.47911603204608877,0.4795258620689655,0.47695980787879,0.4791160320460887,0.4795258620689655,0.47695980787879,0.47619047619047616,0.40948275862068967,0.440324449594438,0.4820415879017013,0.5495689655172413,0.513595166163142,,,,
instruction_baseline,SVM,928,,464.0,0.47413793103448276,0.4741259131210617,0.47413793103448276,0.4740768612585996,0.4741259131210617,0.47413793103448276,0.4740768612585996,,,,0.47468354430379744,0.4849137931034483,0.47974413646055436,464.0,0.473568281938326,0.46336206896551724,0.4684095860566449
imagery_baseline,SVM,928,464.0,,0.4525862068965517,0.4525641740552798,0.4525862068965517,0.45252263426100126,0.4525641740552799,0.4525862068965517,0.45252263426100126,0.45358649789029537,0.46336206896551724,0.4584221748400853,,,,464.0,0.45154185022026433,0.4418103448275862,0.4466230936819172
