label_combination,best_model,n_samples,samples_imagery,samples_instruction,accuracy,precision_macro,recall_macro,f1_macro,precision_weighted,recall_weighted,f1_weighted,precision_imagery,recall_imagery,f1_imagery,precision_instruction,recall_instruction,f1_instruction,samples_baseline,precision_baseline,recall_baseline,f1_baseline
instruction_imagery,SVM,928,464.0,464.0,0.8870967741935484,0.8907563025210083,0.8870967741935484,0.8868318122555411,0.8907563025210083,0.8870967741935484,0.8868318122555411,0.8529411764705882,0.9354838709677419,0.8923076923076924,0.9285714285714286,0.8387096774193549,0.8813559322033898,,,,
instruction_baseline,SVM,928,,464.0,0.6720430107526881,0.6725417439703154,0.6720430107526882,0.6718058488328368,0.6725417439703153,0.6720430107526881,0.6718058488328368,,,,0.6818181818181818,0.6451612903225806,0.6629834254143646,464.0,0.6632653061224489,0.6989247311827957,0.680628272251309
imagery_baseline,SVM,928,464.0,,0.9193548387096774,0.9205705009276438,0.9193548387096775,0.9192965202047959,0.9205705009276438,0.9193548387096774,0.9192965202047959,0.8979591836734694,0.946236559139785,0.9214659685863874,,,,464.0,0.9431818181818182,0.8924731182795699,0.9171270718232044
