index,true_label,predicted_label,channel,mean,median,variance,std,skewness,kurtosis,zcr,energy,ptp,psd_delta,psd_theta,psd_alpha,psd_beta,total_power,rel_alpha,ratio_theta_alpha,ratio_beta_alpha,spectral_edge,sample_entropy,perm_entropy,higuchi_fd,hjorth_activity,hjorth_mobility,hjorth_complexity,spectral_entropy,lempel_ziv,phase_locking_value,alpha_peak_freq,ind_alpha_power,wavelet_complexity,signal_coherence,dyn_conn_variance,psd_gamma_low,psd_gamma_high,dfa,energy_ratio,microstate_var,label,session
7,a_c_b,b_m_b,Fz,-0.3611563812872195,0.5336120902601463,103.88778819462956,10.19253590597696,-0.8306530973616533,2.1720323269090143,0.0706869009584664,104.01822212637406,89.57003432421791,10.039600398575788,4.383424501168662,5.024060344145597,1.5372495109861477,95.41923177473504,0.052652492067913,0.8724864354538554,0.3059775173237047,22.4609375,2.3216556784989795,0.6802100094103518,1.277889664757938,103.88778819462956,0.2738786290001087,1.7438297934127296,4.444241861630485,164,0.2912463633496429,8.30078125,4.759601023713095,8.397097907111236,0.3896662303549515,0.0042310060540564,0.0531278597196219,2.164706836843188e-05,0.7608811593044605,0.947882320492476,0.2929274306047318,a_c_b,a_c_b
213,b_m_b,a_c_b,TP7,-0.1421579320822947,0.7831072907144768,269.7733584850868,16.42477879562117,-0.2557091097648039,21.694321671193496,0.0671073717948717,269.7935673627406,277.3806807482852,2.748457492797108,1.615683349412219,1.9646985039797769,0.6397012897070357,34.08152310668596,0.0576470276234324,0.8223568889269381,0.3255976875898411,22.4609375,2.798791096743984,0.722867438807583,1.364659252929964,269.7733584850868,0.1614571733577004,3.2687045280270723,3.814990689738481,160,0.3645137110250386,8.30078125,1.9147907575458585,7.966828087388799,0.3623844869758407,0.0148393260060843,0.0324530782067704,6.265422368223914e-05,1.0506764860782862,0.9419779569773388,0.3028357236943623,b_m_b,b_m_b
