index,true_label,predicted_label,channel,mean,median,variance,std,skewness,kurtosis,zcr,energy,ptp,psd_delta,psd_theta,psd_alpha,psd_beta,total_power,rel_alpha,ratio_theta_alpha,ratio_beta_alpha,spectral_edge,sample_entropy,perm_entropy,higuchi_fd,hjorth_activity,hjorth_mobility,hjorth_complexity,spectral_entropy,lempel_ziv,phase_locking_value,alpha_peak_freq,ind_alpha_power,wavelet_complexity,signal_coherence,dyn_conn_variance,psd_gamma_low,psd_gamma_high,dfa,energy_ratio,microstate_var,label,session
231,m_et_s,b_m_b,Fz,0.8777349993917959,1.0710458813067094,118.77234330575736,10.89827249181068,0.1114986434827949,2.576463448295759,0.0658945686900958,119.54276203491466,98.85291753099608,8.014505440311746,4.677015925014612,4.60128390359124,1.3234064362491258,84.9780314878429,0.0541467462005107,1.0164588890862103,0.2876167747911023,22.4609375,2.3886042896940376,0.6929992310808651,1.2744649058056516,118.77234330575736,0.2506633747706525,1.9296493168875777,4.507420442104009,150,0.277572741484578,11.23046875,4.645563894464812,8.387871878092493,0.3017571868671964,0.0128091927066721,0.0455936520323645,1.4157456391878085e-05,0.8121026228635972,1.396280882275168,0.3022093127191463,m_et_s,m_et_s
229,m_et_s,b_m_b,TP7,-0.1035156156238651,0.4114602381833734,161.44596270797416,12.706138780446803,-0.5225815611666055,20.57633740096271,0.0710862619808306,161.45667819065213,224.6238317536632,3.652823937646422,1.5581886362335935,1.9486959649670457,0.6640141133783106,36.93826425855141,0.0527554828057713,0.7996058206339768,0.3407479285202603,21.484375,2.542085245226594,0.7105388754907099,1.334405619161496,161.44596270797416,0.1879938790984993,2.76194393454589,4.159471773532213,161,0.2566746584803692,11.23046875,2.110105276730623,8.004485828129438,0.2888586658199165,0.0159246641647393,0.0287847255498674,2.4158718253006067e-05,0.997601586559924,1.0301669252412295,0.3015202166483673,m_et_s,m_et_s
