index,true_label,predicted_label,channel,mean,median,variance,std,skewness,kurtosis,zcr,energy,ptp,psd_delta,psd_theta,psd_alpha,psd_beta,total_power,rel_alpha,ratio_theta_alpha,ratio_beta_alpha,spectral_edge,sample_entropy,perm_entropy,higuchi_fd,hjorth_activity,hjorth_mobility,hjorth_complexity,spectral_entropy,lempel_ziv,phase_locking_value,alpha_peak_freq,ind_alpha_power,wavelet_complexity,signal_coherence,dyn_conn_variance,psd_gamma_low,psd_gamma_high,dfa,energy_ratio,microstate_var,label,session
269,p_af_s,m_et_s,TP7,-1.843821983736826,0.3282858583358923,138.98456326545093,11.789171441006824,-3.509760194467572,18.902689858349024,0.0654952076677316,142.38424277316213,126.46292678650458,4.182301234495733,1.6247095482342238,1.7533866738454846,0.5989053468222947,36.83958483460734,0.0475951800683253,0.926612237032092,0.3415706049075816,22.4609375,2.467181435668142,0.7098354363313741,1.3368161303282535,138.98456326545093,0.1891274529659043,2.7737932814642443,4.182011552711653,159,0.2759478005528596,8.7890625,2.050263387052272,8.149381876182433,0.3138230983187532,0.0139768131746842,0.0372247611010817,3.570316826573359e-05,0.9656434310920352,2.070615706083803,0.3170267553711287,p_af_s,p_af_s
264,p_af_s,m_et_s,O1,-2.8010618929609348,0.1690510919327152,239.1173559681744,15.46341993118516,-3.796780560696391,19.40978377137312,0.0738817891373802,246.96330369637224,173.21188033636622,3.394421436011933,2.295345501843795,2.4298245436774044,0.7553189614572206,42.67968579635056,0.0569316408577022,0.9446548343650844,0.3108532932645775,22.4609375,2.7384772302923097,0.6986001877024762,1.339378699629572,239.1173559681744,0.1805188192718007,2.937914822788701,4.230276857894121,175,0.2839299719818299,12.20703125,2.481410289478694,8.087733259771142,0.273967129738155,0.0094515779792406,0.0405998260402185,4.4194623855557936e-05,0.9776032037599384,1.7480986892607608,0.2884882414473034,p_af_s,p_af_s
