index,true_label,predicted_label,channel,mean,median,variance,std,skewness,kurtosis,zcr,energy,ptp,psd_delta,psd_theta,psd_alpha,psd_beta,total_power,rel_alpha,ratio_theta_alpha,ratio_beta_alpha,spectral_edge,sample_entropy,perm_entropy,higuchi_fd,hjorth_activity,hjorth_mobility,hjorth_complexity,spectral_entropy,lempel_ziv,phase_locking_value,alpha_peak_freq,ind_alpha_power,wavelet_complexity,signal_coherence,dyn_conn_variance,psd_gamma_low,psd_gamma_high,dfa,energy_ratio,microstate_var,label,session
55,n_3_s,p_af_b,Fz,0.4950871366988808,0.2842269414445253,138.81667231539694,11.78204873166789,0.1545619766925216,3.347244874365406,0.0645032051282051,139.06178358832165,113.50898808978847,14.844942130706146,5.162150368230551,6.186119174959571,1.3694976800918317,114.5788628065319,0.0539900556126562,0.8344731522674371,0.2213823628932564,20.5078125,2.466577079211116,0.6857284711795404,1.253135246050826,138.81667231539694,0.2334581089820089,2.021261641403667,4.129978347261999,151,0.3086874839536582,8.30078125,6.071945430401921,8.344349913098322,0.3473353993337547,0.0113395870199281,0.0595313377471804,2.110231807990021e-05,0.8683887060652575,0.6071679334195219,0.2717387443652926,n_3_s,n_3_s
54,n_3_s,p_af_b,TP8,0.4942398874729241,1.451510535890748,116.6046982571271,10.798365536372952,-0.8413966309517458,2.666830826450445,0.0669070512820512,116.84897132349634,95.0238896765284,9.464412413396008,3.909953166591927,6.485103212197341,1.7266472375727122,101.05311303165392,0.0641751947826282,0.6029130206035874,0.2662482278347076,22.4609375,2.379394783461772,0.6966832800820585,1.2826462578180997,116.6046982571271,0.2774135371576962,1.744593807888397,4.487270641664169,157,0.3068419460290021,11.23046875,5.987846287821791,8.354914166931772,0.3384186271034017,0.0088924779658094,0.0557276615776448,5.006452882208076e-05,0.7925776970405397,0.97583472673608,0.2874750816835484,n_3_s,n_3_s
