index,true_label,predicted_label,channel,mean,median,variance,std,skewness,kurtosis,zcr,energy,ptp,psd_delta,psd_theta,psd_alpha,psd_beta,total_power,rel_alpha,ratio_theta_alpha,ratio_beta_alpha,spectral_edge,sample_entropy,perm_entropy,higuchi_fd,hjorth_activity,hjorth_mobility,hjorth_complexity,spectral_entropy,lempel_ziv,phase_locking_value,alpha_peak_freq,ind_alpha_power,wavelet_complexity,signal_coherence,dyn_conn_variance,psd_gamma_low,psd_gamma_high,dfa,energy_ratio,microstate_var,label,session
22,b_m_b,o_sq_s,TP8,0.2091932604864102,1.263351267314063,115.21100043991063,10.733638732504026,-1.113964020256338,3.1312783322261435,0.0689102564102564,115.2547622601436,80.0097879528824,7.301781017976164,2.8197767216576923,5.823159508231154,1.7545634539393538,88.05923014439225,0.0661277585402781,0.4842348415275043,0.3013078126160279,24.4140625,2.373382616825665,0.7072795050346503,1.3024104031982913,115.21100043991063,0.2855154007599907,1.736785935754236,4.537307599104375,155,0.3729278707110828,11.23046875,5.862063885477731,8.384424006723554,0.3448541222701168,0.015989385257682,0.0759719085983335,1.1332735580718895e-05,0.7860170516770951,0.9063424915571416,0.2967446684398092,b_m_b,b_m_b
