index,true_label,predicted_label,channel,mean,median,variance,std,skewness,kurtosis,zcr,energy,ptp,psd_delta,psd_theta,psd_alpha,psd_beta,total_power,rel_alpha,ratio_theta_alpha,ratio_beta_alpha,spectral_edge,sample_entropy,perm_entropy,higuchi_fd,hjorth_activity,hjorth_mobility,hjorth_complexity,spectral_entropy,lempel_ziv,phase_locking_value,alpha_peak_freq,ind_alpha_power,wavelet_complexity,signal_coherence,dyn_conn_variance,psd_gamma_low,psd_gamma_high,dfa,energy_ratio,microstate_var,label,session
153,o_sq_s,m_et_s,Oz,-0.6976414511800186,0.3775312098991055,82.96603202455583,9.108569153525478,-0.9541129068234566,2.175262704417931,0.0770766773162939,83.45273561896039,68.86499784637671,5.522596686074337,1.962513193739486,3.1459335593796305,0.986164226613538,54.752533149743165,0.0574573152766428,0.6238253786028743,0.3134726808432683,24.4140625,2.2092156356678063,0.699019516956624,1.308997370650795,82.96603202455583,0.2537361177748641,1.946987449978413,4.496290296752575,169,0.3492328930591797,12.20703125,4.717967217705425,8.436255846960522,0.30224688685723,0.0078302404794067,0.0450741471092522,1.018660360695702e-05,0.8049281474709182,1.6610143582971144,0.2352007574693163,o_sq_s,o_sq_s
253,o_sq_s,m_et_s,TP7,-0.7800792984662325,0.2156788814201319,54.22405772748991,7.3636986445325086,-1.2993362353011464,3.743873542064095,0.069888178913738,54.83258143938546,69.75805131860594,3.2680935868009127,1.8898047501635964,2.1732551500428032,0.5696878596553171,36.31090183502405,0.059851312972529,0.8695733449090761,0.2621357458391836,22.4609375,1.996562339751357,0.6959375967331449,1.3029775026374957,54.22405772748991,0.2504168026867812,1.9862870320414787,4.334036737232695,156,0.3444456123423806,11.23046875,1.8964686749369104,8.330082945573885,0.3495567595442873,0.0108553700367129,0.0299453210765441,4.625778886960916e-06,0.8684821739254824,0.7950280138328879,0.3019911436594422,o_sq_s,o_sq_s
