index,true_label,predicted_label,channel,mean,median,variance,std,skewness,kurtosis,zcr,energy,ptp,psd_delta,psd_theta,psd_alpha,psd_beta,total_power,rel_alpha,ratio_theta_alpha,ratio_beta_alpha,spectral_edge,sample_entropy,perm_entropy,higuchi_fd,hjorth_activity,hjorth_mobility,hjorth_complexity,spectral_entropy,lempel_ziv,phase_locking_value,alpha_peak_freq,ind_alpha_power,wavelet_complexity,signal_coherence,dyn_conn_variance,psd_gamma_low,psd_gamma_high,dfa,energy_ratio,microstate_var,label,session
269,p_af_s,a_c_b,TP7,-1.843821983736826,0.3282858583358923,138.98456326545093,11.789171441006824,-3.509760194467572,18.902689858349024,0.0654952076677316,142.38424277316213,126.46292678650458,4.182301234495733,1.6247095482342238,1.7533866738454846,0.5989053468222947,36.83958483460734,0.0475951800683253,0.926612237032092,0.3415706049075816,22.4609375,2.467181435668142,0.7098354363313741,1.3368161303282535,138.98456326545093,0.1891274529659043,2.7737932814642443,4.182011552711653,159,0.2759478005528596,8.7890625,2.050263387052272,8.149381876182433,0.3138230983187532,0.0139768131746842,0.0372247611010817,3.570316826573359e-05,0.9656434310920352,2.070615706083803,0.3170267553711287,p_af_s,p_af_s
98,a_c_b,p_af_s,O2,-0.6845234496603511,0.847965559257621,149.88390560115215,12.242708262519049,-2.5732750915514546,16.761707672851152,0.06629392971246,150.35247795428705,166.29288116184338,4.293694421896567,1.6616867397161137,3.9880556224412658,0.9502272107147832,52.58414250718532,0.075841412111956,0.4166658886013534,0.2382682942955311,22.4609375,2.504930515894939,0.6886176501282943,1.2936211253544252,149.88390560115215,0.2117445506443896,2.3425000355390764,4.415842019636786,153,0.3338322783093934,11.71875,6.484956804481099,8.234217885607906,0.3420715669334306,0.0112443608740474,0.056259075575325,3.102062024217472e-05,0.8846292210471306,2.319392713881774,0.2408406899751746,a_c_b,a_c_b
