index,true_label,predicted_label,channel,mean,median,variance,std,skewness,kurtosis,zcr,energy,ptp,psd_delta,psd_theta,psd_alpha,psd_beta,total_power,rel_alpha,ratio_theta_alpha,ratio_beta_alpha,spectral_edge,sample_entropy,perm_entropy,higuchi_fd,hjorth_activity,hjorth_mobility,hjorth_complexity,spectral_entropy,lempel_ziv,phase_locking_value,alpha_peak_freq,ind_alpha_power,wavelet_complexity,signal_coherence,dyn_conn_variance,psd_gamma_low,psd_gamma_high,dfa,energy_ratio,microstate_var,label,session
98,a_c_b,p_sf_s,O2,-0.6845234496603511,0.847965559257621,149.88390560115215,12.242708262519049,-2.5732750915514546,16.761707672851152,0.06629392971246,150.35247795428705,166.29288116184338,4.293694421896567,1.6616867397161137,3.9880556224412658,0.9502272107147832,52.58414250718532,0.075841412111956,0.4166658886013534,0.2382682942955311,22.4609375,2.504930515894939,0.6886176501282943,1.2936211253544252,149.88390560115215,0.2117445506443896,2.3425000355390764,4.415842019636786,153,0.3338322783093934,11.71875,6.484956804481099,8.234217885607906,0.3420715669334306,0.0112443608740474,0.056259075575325,3.102062024217472e-05,0.8846292210471306,2.319392713881774,0.2408406899751746,a_c_b,a_c_b
