index,true_label,predicted_label,channel,mean,median,variance,std,skewness,kurtosis,zcr,energy,ptp,psd_delta,psd_theta,psd_alpha,psd_beta,total_power,rel_alpha,ratio_theta_alpha,ratio_beta_alpha,spectral_edge,sample_entropy,perm_entropy,higuchi_fd,hjorth_activity,hjorth_mobility,hjorth_complexity,spectral_entropy,lempel_ziv,phase_locking_value,alpha_peak_freq,ind_alpha_power,wavelet_complexity,signal_coherence,dyn_conn_variance,psd_gamma_low,psd_gamma_high,dfa,energy_ratio,microstate_var,label,session
23,b_m_b,p_af_b,Fz,-1.0061404403162455,0.136471321797597,127.19587961823063,11.278115073815776,-1.1379548417590186,2.914845229965936,0.0655048076923077,128.2081982038704,91.71973741952678,10.459623998208489,4.441051232598008,5.546296910069559,1.4047751636973689,96.61421751184838,0.057406632821814,0.8007236728591061,0.2532816375457531,22.4609375,2.422864128730327,0.6981063241150369,1.2844648982453677,127.19587961823063,0.2588980593485616,1.898211584230712,4.444527903007187,152,0.3561228824924185,8.7890625,5.601985923275668,8.315576564263658,0.3320217087862238,0.0090191387170177,0.0532631250689314,1.076086908905753e-05,0.8186425745213377,0.9862256666930173,0.2920710173078756,b_m_b,b_m_b
22,b_m_b,p_af_b,TP8,0.2091932604864102,1.263351267314063,115.21100043991063,10.733638732504026,-1.113964020256338,3.1312783322261435,0.0689102564102564,115.2547622601436,80.0097879528824,7.301781017976164,2.8197767216576923,5.823159508231154,1.7545634539393538,88.05923014439225,0.0661277585402781,0.4842348415275043,0.3013078126160279,24.4140625,2.373382616825665,0.7072795050346503,1.3024104031982913,115.21100043991063,0.2855154007599907,1.736785935754236,4.537307599104375,155,0.3729278707110828,11.23046875,5.862063885477731,8.384424006723554,0.3448541222701168,0.015989385257682,0.0759719085983335,1.1332735580718895e-05,0.7860170516770951,0.9063424915571416,0.2967446684398092,b_m_b,b_m_b
