index,true_label,predicted_label,channel,mean,median,variance,std,skewness,kurtosis,zcr,energy,ptp,psd_delta,psd_theta,psd_alpha,psd_beta,total_power,rel_alpha,ratio_theta_alpha,ratio_beta_alpha,spectral_edge,sample_entropy,perm_entropy,higuchi_fd,hjorth_activity,hjorth_mobility,hjorth_complexity,spectral_entropy,lempel_ziv,phase_locking_value,alpha_peak_freq,ind_alpha_power,wavelet_complexity,signal_coherence,dyn_conn_variance,psd_gamma_low,psd_gamma_high,dfa,energy_ratio,microstate_var,label,session
39,m_et_s,m_gp_s,Fz,-1.2190603966591074,-0.2077997661282822,141.27857978823346,11.886066623918676,-0.731891472588235,1.9688819732919816,0.0596955128205128,142.76468803893613,99.89492939224408,11.895880123484543,5.128929139125717,5.223987196442369,1.6167267520890387,106.2003872503287,0.0491899072281979,0.9818035432052,0.3094813772112725,21.484375,2.4753668421802044,0.6840289943272755,1.2683244667868905,141.27857978823346,0.2440569037434284,1.962709082254185,4.407318481151246,140,0.2761430008228307,8.30078125,4.714516694938361,8.303559122933063,0.3008798606108517,0.0071060432390014,0.0596964188647346,2.7909899330220723e-05,0.8565618921430075,0.9632864184961258,0.2834319355055659,m_et_s,m_et_s
