index,true_label,predicted_label,channel,mean,median,variance,std,skewness,kurtosis,zcr,energy,ptp,psd_delta,psd_theta,psd_alpha,psd_beta,total_power,rel_alpha,ratio_theta_alpha,ratio_beta_alpha,spectral_edge,sample_entropy,perm_entropy,higuchi_fd,hjorth_activity,hjorth_mobility,hjorth_complexity,spectral_entropy,lempel_ziv,phase_locking_value,alpha_peak_freq,ind_alpha_power,wavelet_complexity,signal_coherence,dyn_conn_variance,psd_gamma_low,psd_gamma_high,dfa,energy_ratio,microstate_var,label,session
46,m_gp_s,p_af_b,TP8,-0.7160125022914413,0.7475160863401555,119.3112161907512,10.922967371129111,-1.6260461830740456,5.724059777866469,0.0748801916932907,119.82389009418888,113.66760183386636,6.4802772707112295,3.351241137959189,5.248044981672734,1.6548918503253136,83.62602959651703,0.062756118005288,0.6385694386504728,0.3153349211191101,23.4375,2.3908676706949112,0.6969400591166651,1.308851851703942,119.3112161907512,0.2857944051200736,1.7321532053126556,4.605629091066834,168,0.2914788194027197,8.7890625,4.984716600703367,8.341528934081191,0.315754412134475,0.013555174627024,0.0800574803029802,8.068243433418856e-06,0.7410013526784893,1.3787788120118103,0.3117550629721266,m_gp_s,m_gp_s
