index,true_label,predicted_label,channel,mean,median,variance,std,skewness,kurtosis,zcr,energy,ptp,psd_delta,psd_theta,psd_alpha,psd_beta,total_power,rel_alpha,ratio_theta_alpha,ratio_beta_alpha,spectral_edge,sample_entropy,perm_entropy,higuchi_fd,hjorth_activity,hjorth_mobility,hjorth_complexity,spectral_entropy,lempel_ziv,phase_locking_value,alpha_peak_freq,ind_alpha_power,wavelet_complexity,signal_coherence,dyn_conn_variance,psd_gamma_low,psd_gamma_high,dfa,energy_ratio,microstate_var,label,session
7,a_c_b,o_sq_s,Fz,-0.3611563812872195,0.5336120902601463,103.88778819462956,10.19253590597696,-0.8306530973616533,2.1720323269090143,0.0706869009584664,104.01822212637406,89.57003432421791,10.039600398575788,4.383424501168662,5.024060344145597,1.5372495109861477,95.41923177473504,0.052652492067913,0.8724864354538554,0.3059775173237047,22.4609375,2.3216556784989795,0.6802100094103518,1.277889664757938,103.88778819462956,0.2738786290001087,1.7438297934127296,4.444241861630485,164,0.2912463633496429,8.30078125,4.759601023713095,8.397097907111236,0.3896662303549515,0.0042310060540564,0.0531278597196219,2.164706836843188e-05,0.7608811593044605,0.947882320492476,0.2929274306047318,a_c_b,a_c_b
