index,true_label,predicted_label,channel,mean,median,variance,std,skewness,kurtosis,zcr,energy,ptp,psd_delta,psd_theta,psd_alpha,psd_beta,total_power,rel_alpha,ratio_theta_alpha,ratio_beta_alpha,spectral_edge,sample_entropy,perm_entropy,higuchi_fd,hjorth_activity,hjorth_mobility,hjorth_complexity,spectral_entropy,lempel_ziv,phase_locking_value,alpha_peak_freq,ind_alpha_power,wavelet_complexity,signal_coherence,dyn_conn_variance,psd_gamma_low,psd_gamma_high,dfa,energy_ratio,microstate_var,label,session
271,p_af_s,m_gp_s,Fz,1.4783360313661684,1.141892808626598,159.46768527649238,12.62805152335436,0.8000762755019679,6.357387206751314,0.0636980830670926,161.65316269812783,144.82201873548948,7.74054262490093,5.48640978708749,5.520279837525049,1.196489022846582,88.78518878439142,0.0621756839525414,0.9938644323413968,0.2167442698671257,20.5078125,2.5359206507835856,0.6817940722994905,1.2690503795611408,159.46768527649238,0.2255124959839336,2.0950742498922934,4.389446280409283,151,0.28497682410179,11.23046875,4.912823265607718,8.243519886762874,0.328316232395367,0.0119853590935505,0.0462033856177029,7.882800834357483e-05,0.8671944728501162,0.5900955397293202,0.2875006906568629,p_af_s,p_af_s
46,m_gp_s,p_af_s,TP8,-0.7160125022914413,0.7475160863401555,119.3112161907512,10.922967371129111,-1.6260461830740456,5.724059777866469,0.0748801916932907,119.82389009418888,113.66760183386636,6.4802772707112295,3.351241137959189,5.248044981672734,1.6548918503253136,83.62602959651703,0.062756118005288,0.6385694386504728,0.3153349211191101,23.4375,2.3908676706949112,0.6969400591166651,1.308851851703942,119.3112161907512,0.2857944051200736,1.7321532053126556,4.605629091066834,168,0.2914788194027197,8.7890625,4.984716600703367,8.341528934081191,0.315754412134475,0.013555174627024,0.0800574803029802,8.068243433418856e-06,0.7410013526784893,1.3787788120118103,0.3117550629721266,m_gp_s,m_gp_s
