index,true_label,predicted_label,channel,mean,median,variance,std,skewness,kurtosis,zcr,energy,ptp,psd_delta,psd_theta,psd_alpha,psd_beta,total_power,rel_alpha,ratio_theta_alpha,ratio_beta_alpha,spectral_edge,sample_entropy,perm_entropy,higuchi_fd,hjorth_activity,hjorth_mobility,hjorth_complexity,spectral_entropy,lempel_ziv,phase_locking_value,alpha_peak_freq,ind_alpha_power,wavelet_complexity,signal_coherence,dyn_conn_variance,psd_gamma_low,psd_gamma_high,dfa,energy_ratio,microstate_var,label,session
239,m_gp_s,b_m_b,Fz,0.4287196570540572,0.9131851757684828,95.77149784255126,9.786291322178757,-0.5144274654376733,1.8329762140307928,0.0646964856230031,95.95529838689582,84.31856147297295,8.372048023371983,4.854239361032253,3.848328660887749,1.2072153374766474,81.65629223237562,0.0471283786672099,1.26138897916075,0.3136986062926761,21.484375,2.280982561714532,0.6948172424324643,1.269136784354818,95.77149784255126,0.2570040205544231,1.868451623402296,4.44981250746239,155,0.2433295808340577,9.27734375,3.9765597343545513,8.394449848668613,0.3575919530204905,0.0077888470029085,0.0508758606949052,2.0748979895158923e-05,0.7578209368948615,1.0520523677329536,0.3113899611541827,m_gp_s,m_gp_s
139,m_gp_s,b_m_b,PO3,0.0234994746250765,0.2307860869674476,253.3681302535745,15.917541589503529,0.1101250227911215,19.044661569330746,0.0742811501597444,253.36868247888225,285.35058828894114,5.986056361782869,2.024808494751668,3.6719819470736166,1.0511783657948408,59.66654143695688,0.0615417260434543,0.5514211463826334,0.2862700255464427,21.484375,2.767421745728217,0.6961402686365233,1.3324225553510425,253.3681302535745,0.1898582439178531,2.678034170950839,4.154547311764486,167,0.3215035055662849,11.71875,2.911252681456401,8.100085486024097,0.3453837110338836,0.0098066985626859,0.0471549294356869,0.0001124348820969,0.9678254397703452,1.0242538811233226,0.2644704862547182,m_gp_s,m_gp_s
