index,true_label,predicted_label,channel,mean,median,variance,std,skewness,kurtosis,zcr,energy,ptp,psd_delta,psd_theta,psd_alpha,psd_beta,total_power,rel_alpha,ratio_theta_alpha,ratio_beta_alpha,spectral_edge,sample_entropy,perm_entropy,higuchi_fd,hjorth_activity,hjorth_mobility,hjorth_complexity,spectral_entropy,lempel_ziv,phase_locking_value,alpha_peak_freq,ind_alpha_power,wavelet_complexity,signal_coherence,dyn_conn_variance,psd_gamma_low,psd_gamma_high,dfa,energy_ratio,microstate_var,label,session
247,n_3_s,a_c_b,Fz,-0.3772168483283656,0.3558548649949671,102.29795419601386,10.114245112514023,-0.7834109446405156,1.836478388176471,0.0661057692307692,102.44024674667664,83.7456695201816,9.484294878449582,4.763810582175141,4.340295691355124,1.222100030292693,86.86711027473828,0.04996477582399,1.0975774281147623,0.2815706848560656,21.484375,2.313944837346729,0.6850615547985202,1.256654882826363,102.29795419601386,0.2590037017581427,1.8069992811716933,4.388546628000159,152,0.2926333549164058,10.7421875,6.854244925039685,8.428578217293095,0.3764773197732718,0.0136207369972774,0.0518434967473702,1.4346861123920917e-05,0.7457970223777365,0.981921428688613,0.2890489645133121,n_3_s,n_3_s
6,a_c_b,n_3_s,TP8,-0.2972952727423504,1.245889478203793,171.5460766676178,13.097559950907566,-1.2764865486545676,5.659427060778276,0.0621006389776357,171.63446114681273,156.77649576051132,9.687426712063196,3.9364527565409313,5.108015275577789,1.708351722309948,95.99048326624356,0.0532137676753847,0.7706423227357445,0.3344453041238623,22.4609375,2.5724259495760813,0.6907711341514385,1.2988971499459063,171.5460766676178,0.2367074574282935,2.083237133733009,4.32015134262295,152,0.3002229618151088,8.30078125,4.547854229627037,8.234609678537717,0.3393001389726321,0.0093414488697079,0.0611150837991283,3.644094952926724e-05,0.8760587040105219,1.215767969288451,0.2834827584777113,a_c_b,a_c_b
