index,true_label,predicted_label,channel,mean,median,variance,std,skewness,kurtosis,zcr,energy,ptp,psd_delta,psd_theta,psd_alpha,psd_beta,total_power,rel_alpha,ratio_theta_alpha,ratio_beta_alpha,spectral_edge,sample_entropy,perm_entropy,higuchi_fd,hjorth_activity,hjorth_mobility,hjorth_complexity,spectral_entropy,lempel_ziv,phase_locking_value,alpha_peak_freq,ind_alpha_power,wavelet_complexity,signal_coherence,dyn_conn_variance,psd_gamma_low,psd_gamma_high,dfa,energy_ratio,microstate_var,label,session
263,p_af_b,b_m_b,Fz,-1.5047057060030495,-6.0325078266032506e-12,159.5419655105176,12.630992261517603,-1.449096187295723,4.458030505521492,0.0666932907348242,161.8061047721957,104.6828110899902,8.64422072630891,4.336840115716224,5.7577920212628815,1.275552776099354,89.27114069663152,0.064497798239517,0.7532123598248701,0.2215350556930296,21.484375,2.536153497141631,0.6813100019380594,1.2659044526055232,159.5419655105176,0.22450053968038,2.110969743049018,4.385571561584389,157,0.293100287994275,11.23046875,6.152491030478559,8.308770976118065,0.3065081098948393,0.016162952730568,0.0502512481783044,2.9494326683411164e-05,0.8555335480320208,1.1522639653035145,0.2677475163894894,p_af_b,p_af_b
23,b_m_b,p_af_b,Fz,-1.0061404403162455,0.136471321797597,127.19587961823063,11.278115073815776,-1.1379548417590186,2.914845229965936,0.0655048076923077,128.2081982038704,91.71973741952678,10.459623998208489,4.441051232598008,5.546296910069559,1.4047751636973689,96.61421751184838,0.057406632821814,0.8007236728591061,0.2532816375457531,22.4609375,2.422864128730327,0.6981063241150369,1.2844648982453677,127.19587961823063,0.2588980593485616,1.898211584230712,4.444527903007187,152,0.3561228824924185,8.7890625,5.601985923275668,8.315576564263658,0.3320217087862238,0.0090191387170177,0.0532631250689314,1.076086908905753e-05,0.8186425745213377,0.9862256666930173,0.2920710173078756,b_m_b,b_m_b
