index,true_label,predicted_label,channel,mean,median,variance,std,skewness,kurtosis,zcr,energy,ptp,psd_delta,psd_theta,psd_alpha,psd_beta,total_power,rel_alpha,ratio_theta_alpha,ratio_beta_alpha,spectral_edge,sample_entropy,perm_entropy,higuchi_fd,hjorth_activity,hjorth_mobility,hjorth_complexity,spectral_entropy,lempel_ziv,phase_locking_value,alpha_peak_freq,ind_alpha_power,wavelet_complexity,signal_coherence,dyn_conn_variance,psd_gamma_low,psd_gamma_high,dfa,energy_ratio,microstate_var,label,session
239,m_gp_s,a_c_b,Fz,0.4287196570540572,0.9131851757684828,95.77149784255126,9.786291322178757,-0.5144274654376733,1.8329762140307928,0.0646964856230031,95.95529838689582,84.31856147297295,8.372048023371983,4.854239361032253,3.848328660887749,1.2072153374766474,81.65629223237562,0.0471283786672099,1.26138897916075,0.3136986062926761,21.484375,2.280982561714532,0.6948172424324643,1.269136784354818,95.77149784255126,0.2570040205544231,1.868451623402296,4.44981250746239,155,0.2433295808340577,9.27734375,3.9765597343545513,8.394449848668613,0.3575919530204905,0.0077888470029085,0.0508758606949052,2.0748979895158923e-05,0.7578209368948615,1.0520523677329536,0.3113899611541827,m_gp_s,m_gp_s
