index,true_label,predicted_label,channel,mean,median,variance,std,skewness,kurtosis,zcr,energy,ptp,psd_delta,psd_theta,psd_alpha,psd_beta,total_power,rel_alpha,ratio_theta_alpha,ratio_beta_alpha,spectral_edge,sample_entropy,perm_entropy,higuchi_fd,hjorth_activity,hjorth_mobility,hjorth_complexity,spectral_entropy,lempel_ziv,phase_locking_value,alpha_peak_freq,ind_alpha_power,wavelet_complexity,signal_coherence,dyn_conn_variance,psd_gamma_low,psd_gamma_high,dfa,energy_ratio,microstate_var,label,session
271,p_af_s,b_m_b,Fz,1.4783360313661684,1.141892808626598,159.46768527649238,12.62805152335436,0.8000762755019679,6.357387206751314,0.0636980830670926,161.65316269812783,144.82201873548948,7.74054262490093,5.48640978708749,5.520279837525049,1.196489022846582,88.78518878439142,0.0621756839525414,0.9938644323413968,0.2167442698671257,20.5078125,2.5359206507835856,0.6817940722994905,1.2690503795611408,159.46768527649238,0.2255124959839336,2.0950742498922934,4.389446280409283,151,0.28497682410179,11.23046875,4.912823265607718,8.243519886762874,0.328316232395367,0.0119853590935505,0.0462033856177029,7.882800834357483e-05,0.8671944728501162,0.5900955397293202,0.2875006906568629,p_af_s,p_af_s
