index,true_label,predicted_label,channel,mean,median,variance,std,skewness,kurtosis,zcr,energy,ptp,psd_delta,psd_theta,psd_alpha,psd_beta,total_power,rel_alpha,ratio_theta_alpha,ratio_beta_alpha,spectral_edge,sample_entropy,perm_entropy,higuchi_fd,hjorth_activity,hjorth_mobility,hjorth_complexity,spectral_entropy,lempel_ziv,phase_locking_value,alpha_peak_freq,ind_alpha_power,wavelet_complexity,signal_coherence,dyn_conn_variance,psd_gamma_low,psd_gamma_high,dfa,energy_ratio,microstate_var,label,session
287,p_sf_s,p_af_b,Fz,0.273980831209041,0.8961572184406936,118.6311199993088,10.891791404507744,-0.5233185026850709,1.156115796891232,0.06629392971246,118.7061854951788,83.80943649906553,11.160338617844538,5.28409216880091,5.733259382837849,1.3044114464276844,101.02982809578695,0.0567481850746307,0.921655870763236,0.2275165589633634,20.5078125,2.388009423380214,0.6860678839789931,1.2607134362436123,118.6311199993088,0.2607556748196302,1.818095394877061,4.352331186416238,151,0.3599811316195838,8.30078125,5.533698457282503,8.423493881084559,0.3070200225724148,0.0083846862098426,0.0521040279316628,5.34296540651912e-05,0.7636579257035899,0.9457660016179684,0.2806023482838037,p_sf_s,p_sf_s
