index,true_label,predicted_label,channel,mean,median,variance,std,skewness,kurtosis,zcr,energy,ptp,psd_delta,psd_theta,psd_alpha,psd_beta,total_power,rel_alpha,ratio_theta_alpha,ratio_beta_alpha,spectral_edge,sample_entropy,perm_entropy,higuchi_fd,hjorth_activity,hjorth_mobility,hjorth_complexity,spectral_entropy,lempel_ziv,phase_locking_value,alpha_peak_freq,ind_alpha_power,wavelet_complexity,signal_coherence,dyn_conn_variance,psd_gamma_low,psd_gamma_high,dfa,energy_ratio,microstate_var,label,session
126,i_sg_b,o_sq_s,TP8,1.1681422898699785,1.392115687325696,142.19301491831447,11.924471263679346,1.223964312698585,10.010620408501229,0.0684904153354632,143.55757132769716,152.04494299360198,7.44372744991735,3.3250709747466125,5.049098182999328,1.508127056830723,82.97414600368882,0.0608514630903806,0.6585474978368141,0.2986923609266886,22.4609375,2.4785926973242853,0.6976753531544144,1.3009407858317552,142.19301491831447,0.2428617671668761,2.064425720883268,4.520712554734284,166,0.3694889691049922,12.20703125,4.782414555240826,8.258880087332376,0.3812759229239154,0.0091290360498056,0.0767762876606778,4.871652172300417e-05,0.8283419142156628,1.9947091622889683,0.2898726981166274,i_sg_b,i_sg_b
