index,true_label,predicted_label,channel,mean,median,variance,std,skewness,kurtosis,zcr,energy,ptp,psd_delta,psd_theta,psd_alpha,psd_beta,total_power,rel_alpha,ratio_theta_alpha,ratio_beta_alpha,spectral_edge,sample_entropy,perm_entropy,higuchi_fd,hjorth_activity,hjorth_mobility,hjorth_complexity,spectral_entropy,lempel_ziv,phase_locking_value,alpha_peak_freq,ind_alpha_power,wavelet_complexity,signal_coherence,dyn_conn_variance,psd_gamma_low,psd_gamma_high,dfa,energy_ratio,microstate_var,label,session
279,p_sf_b,a_c_b,Fz,-0.6439520598838134,0.2145938962448496,119.89483507414394,10.94964999779189,-0.8896519122583202,2.661551980094906,0.0656948881789137,120.30950932957258,94.53613297019623,12.403950098323044,3.643201440868643,4.804852337726579,1.2419369552752404,93.35893060430432,0.0514664457553785,0.7582337988335408,0.2584755717722772,21.484375,2.39330749208882,0.693212619115272,1.258294832650656,119.89483507414394,0.245998945779608,1.936428882111608,4.2673078122205705,156,0.3124912447551914,11.23046875,6.883100795582303,8.393051848839606,0.3169165371668354,0.0089982627592145,0.0603006801240507,2.7512770115742336e-05,0.7986527534949323,1.1627723281405085,0.271592803081048,p_sf_b,p_sf_b
277,p_sf_b,a_c_b,TP7,-0.2011307337439539,0.3550987301822328,258.39616577417445,16.074705775664277,-0.9816025915194252,22.57083827657878,0.0690894568690095,258.4366193462309,273.8258880698825,3.6714900553697967,1.2647805674680697,1.5944391806004012,0.6781547510687255,34.65813467762034,0.0460047603666902,0.7932447865410611,0.4253249414087778,20.5078125,2.777246966737781,0.6995822099651677,1.347078195793784,258.39616577417445,0.1622122429285788,3.2054692272803624,3.511601974422105,161,0.2904419762415536,8.30078125,1.8270921151408728,7.928616928030942,0.3310296150436755,0.0087262990384907,0.0362156277779924,4.2573604393449466e-05,1.0643382395298857,0.7820591735604523,0.3217760827442379,p_sf_b,p_sf_b
