index,true_label,predicted_label,channel,mean,median,variance,std,skewness,kurtosis,zcr,energy,ptp,psd_delta,psd_theta,psd_alpha,psd_beta,total_power,rel_alpha,ratio_theta_alpha,ratio_beta_alpha,spectral_edge,sample_entropy,perm_entropy,higuchi_fd,hjorth_activity,hjorth_mobility,hjorth_complexity,spectral_entropy,lempel_ziv,phase_locking_value,alpha_peak_freq,ind_alpha_power,wavelet_complexity,signal_coherence,dyn_conn_variance,psd_gamma_low,psd_gamma_high,dfa,energy_ratio,microstate_var,label,session
54,n_3_s,p_af_b,TP8,0.4942398874729241,1.451510535890748,116.6046982571271,10.798365536372952,-0.8413966309517458,2.666830826450445,0.0669070512820512,116.84897132349634,95.0238896765284,9.464412413396008,3.909953166591927,6.485103212197341,1.7266472375727122,101.05311303165392,0.0641751947826282,0.6029130206035874,0.2662482278347076,22.4609375,2.379394783461772,0.6966832800820585,1.2826462578180997,116.6046982571271,0.2774135371576962,1.744593807888397,4.487270641664169,157,0.3068419460290021,11.23046875,5.987846287821791,8.354914166931772,0.3384186271034017,0.0088924779658094,0.0557276615776448,5.006452882208076e-05,0.7925776970405397,0.97583472673608,0.2874750816835484,n_3_s,n_3_s
