index,true_label,predicted_label,channel,mean,median,variance,std,skewness,kurtosis,zcr,energy,ptp,psd_delta,psd_theta,psd_alpha,psd_beta,total_power,rel_alpha,ratio_theta_alpha,ratio_beta_alpha,spectral_edge,sample_entropy,perm_entropy,higuchi_fd,hjorth_activity,hjorth_mobility,hjorth_complexity,spectral_entropy,lempel_ziv,phase_locking_value,alpha_peak_freq,ind_alpha_power,wavelet_complexity,signal_coherence,dyn_conn_variance,psd_gamma_low,psd_gamma_high,dfa,energy_ratio,microstate_var,label,session
247,n_3_s,m_et_s,Fz,-0.3772168483283656,0.3558548649949671,102.29795419601386,10.114245112514023,-0.7834109446405156,1.836478388176471,0.0661057692307692,102.44024674667664,83.7456695201816,9.484294878449582,4.763810582175141,4.340295691355124,1.222100030292693,86.86711027473828,0.04996477582399,1.0975774281147623,0.2815706848560656,21.484375,2.313944837346729,0.6850615547985202,1.256654882826363,102.29795419601386,0.2590037017581427,1.8069992811716933,4.388546628000159,152,0.2926333549164058,10.7421875,6.854244925039685,8.428578217293095,0.3764773197732718,0.0136207369972774,0.0518434967473702,1.4346861123920917e-05,0.7457970223777365,0.981921428688613,0.2890489645133121,n_3_s,n_3_s
