index,true_label,predicted_label,channel,mean,median,variance,std,skewness,kurtosis,zcr,energy,ptp,psd_delta,psd_theta,psd_alpha,psd_beta,total_power,rel_alpha,ratio_theta_alpha,ratio_beta_alpha,spectral_edge,sample_entropy,perm_entropy,higuchi_fd,hjorth_activity,hjorth_mobility,hjorth_complexity,spectral_entropy,lempel_ziv,phase_locking_value,alpha_peak_freq,ind_alpha_power,wavelet_complexity,signal_coherence,dyn_conn_variance,psd_gamma_low,psd_gamma_high,dfa,energy_ratio,microstate_var,label,session
285,p_sf_s,p_af_s,TP7,-0.8169647327028338,0.7176169413610383,196.85071011294573,14.030349607652182,-3.295303293997794,26.30347969564169,0.0692891373801917,197.518141487426,229.402135294376,3.933918746098415,1.773208089296384,1.9264756620302992,0.6956111959933073,39.1214927714815,0.0492434088157967,0.9204414694902568,0.3610796698361647,22.4609375,2.6412228123892367,0.7055907630102387,1.3391846213733578,196.85071011294573,0.1791383644428378,2.987517333829352,4.379040141083343,166,0.269674945198541,8.7890625,2.0428081814740104,7.973392070009275,0.3141614163193789,0.0158914007407874,0.03622235913263,4.186224249984825e-05,0.9825054510430592,2.6180542488494405,0.311579155987292,p_sf_s,p_sf_s
170,p_af_s,p_sf_s,O2,2.5525642852799617,1.2355271754650736,312.83075406824344,17.687022193355315,5.091283748191591,38.098356872562654,0.0753205128205128,319.34633849873035,266.7753838963641,5.317635233193162,1.8119644179251704,4.722238714512393,1.0284486569447409,60.60179405433509,0.0779224243803487,0.3837087719340909,0.2177883667304049,23.4375,2.8728311612409976,0.6918938901843905,1.3037162368244923,312.83075406824344,0.1853294592043687,2.710302588803107,4.454549262408683,180,0.3006719849274246,12.20703125,5.316655032167087,8.106915714379394,0.3356533513182945,0.0071899874251667,0.0472563034310437,1.6156174555015054e-05,0.8749379659326074,8.092598348620859,0.2783006390777542,p_af_s,p_af_s
