index,true_label,predicted_label,channel,mean,median,variance,std,skewness,kurtosis,zcr,energy,ptp,psd_delta,psd_theta,psd_alpha,psd_beta,total_power,rel_alpha,ratio_theta_alpha,ratio_beta_alpha,spectral_edge,sample_entropy,perm_entropy,higuchi_fd,hjorth_activity,hjorth_mobility,hjorth_complexity,spectral_entropy,lempel_ziv,phase_locking_value,alpha_peak_freq,ind_alpha_power,wavelet_complexity,signal_coherence,dyn_conn_variance,psd_gamma_low,psd_gamma_high,dfa,energy_ratio,microstate_var,label,session
23,b_m_b,m_et_s,Fz,-1.0061404403162455,0.136471321797597,127.19587961823063,11.278115073815776,-1.1379548417590186,2.914845229965936,0.0655048076923077,128.2081982038704,91.71973741952678,10.459623998208489,4.441051232598008,5.546296910069559,1.4047751636973689,96.61421751184838,0.057406632821814,0.8007236728591061,0.2532816375457531,22.4609375,2.422864128730327,0.6981063241150369,1.2844648982453677,127.19587961823063,0.2588980593485616,1.898211584230712,4.444527903007187,152,0.3561228824924185,8.7890625,5.601985923275668,8.315576564263658,0.3320217087862238,0.0090191387170177,0.0532631250689314,1.076086908905753e-05,0.8186425745213377,0.9862256666930173,0.2920710173078756,b_m_b,b_m_b
229,m_et_s,b_m_b,TP7,-0.1035156156238651,0.4114602381833734,161.44596270797416,12.706138780446803,-0.5225815611666055,20.57633740096271,0.0710862619808306,161.45667819065213,224.6238317536632,3.652823937646422,1.5581886362335935,1.9486959649670457,0.6640141133783106,36.93826425855141,0.0527554828057713,0.7996058206339768,0.3407479285202603,21.484375,2.542085245226594,0.7105388754907099,1.334405619161496,161.44596270797416,0.1879938790984993,2.76194393454589,4.159471773532213,161,0.2566746584803692,11.23046875,2.110105276730623,8.004485828129438,0.2888586658199165,0.0159246641647393,0.0287847255498674,2.4158718253006067e-05,0.997601586559924,1.0301669252412295,0.3015202166483673,m_et_s,m_et_s
