index,true_label,predicted_label,channel,mean,median,variance,std,skewness,kurtosis,zcr,energy,ptp,psd_delta,psd_theta,psd_alpha,psd_beta,total_power,rel_alpha,ratio_theta_alpha,ratio_beta_alpha,spectral_edge,sample_entropy,perm_entropy,higuchi_fd,hjorth_activity,hjorth_mobility,hjorth_complexity,spectral_entropy,lempel_ziv,phase_locking_value,alpha_peak_freq,ind_alpha_power,wavelet_complexity,signal_coherence,dyn_conn_variance,psd_gamma_low,psd_gamma_high,dfa,energy_ratio,microstate_var,label,session
158,o_sq_s,p_sf_b,TP8,-0.5132987878482544,1.0466950338376746,108.99116855764184,10.439883550961754,-1.2887464249470977,3.0896670704577973,0.0718849840255591,109.25464420324832,83.54466869344962,7.049202365737531,3.2793528084894774,5.098239598458782,1.472699991570237,81.1665765732699,0.06281205655947,0.6432323834840636,0.2888644135154888,23.4375,2.3456334282794264,0.7084081890520879,1.3109866546584112,108.99116855764184,0.2676575519835074,1.8598140379515893,4.558911576770765,180,0.3215060107452516,11.71875,5.109342368983624,8.368664863450332,0.3309963244184826,0.0100322639412392,0.0720014184626346,5.394628551205763e-06,0.7961213067431017,1.5910317007367425,0.3108228402075236,o_sq_s,o_sq_s
62,o_sq_s,p_sf_b,TP8,-0.6017816685374776,1.1067366591875891,147.41788766840858,12.141576819688972,-1.7045521676969646,6.906421815750074,0.0717147435897435,147.78002884499634,142.7956621524466,7.7799736125706,3.4933801447468844,4.776818024167993,1.6967756627678636,86.96267544319286,0.0549295200478092,0.7313194949174031,0.3552104464066121,22.4609375,2.496635663505668,0.6928869902314805,1.2919885196212644,147.41788766840858,0.2579355100027144,1.9167666630752351,4.384505465607481,161,0.2487817090893009,12.6953125,5.844291391527726,8.220384225746136,0.3025374585350141,0.0122626853278734,0.0696489673118797,2.782601876387128e-05,0.8460728812680061,0.6282524323547581,0.305344582927928,o_sq_s,o_sq_s
