index,true_label,predicted_label,channel,mean,median,variance,std,skewness,kurtosis,zcr,energy,ptp,psd_delta,psd_theta,psd_alpha,psd_beta,total_power,rel_alpha,ratio_theta_alpha,ratio_beta_alpha,spectral_edge,sample_entropy,perm_entropy,higuchi_fd,hjorth_activity,hjorth_mobility,hjorth_complexity,spectral_entropy,lempel_ziv,phase_locking_value,alpha_peak_freq,ind_alpha_power,wavelet_complexity,signal_coherence,dyn_conn_variance,psd_gamma_low,psd_gamma_high,dfa,energy_ratio,microstate_var,label,session
182,p_sf_b,p_sf_s,TP8,-0.6296836544531464,1.3119882166269008,191.736095676326,13.846880358995165,-2.0815930453522054,11.294832711326771,0.0642971246006389,192.1325971810115,190.8543696862408,7.758553801380749,2.695851256617165,4.1272817978562655,1.3197264995325195,74.32327061362132,0.0555314878339039,0.6531783843830111,0.3197568191776954,23.4375,2.6280599624312466,0.71424281726011,1.3482800482134625,191.736095676326,0.2220033550100721,2.359908961507048,4.297918011787217,162,0.2987985079253115,8.30078125,5.173989968886675,8.188044227568337,0.3735974550517577,0.0107535612370095,0.0719525827127501,4.675690440087347e-05,0.9385262308663664,0.553707967139811,0.3038273987009233,p_sf_b,p_sf_b
86,p_sf_b,p_sf_s,TP8,-0.3720803913149331,0.9503701669278666,117.33108531937872,10.831947438913224,-1.000056728012665,2.41447292680777,0.0688897763578274,117.4695291369798,97.34712581390062,10.31054465347892,3.541213435435739,5.349176169681947,1.67392315959954,96.62380925369922,0.0553608495773225,0.6620109944231457,0.3129310208714006,23.4375,2.3824998637775354,0.6982663683481826,1.3004236024640423,117.33108531937872,0.2799570222246226,1.7764548980746362,4.432157843233611,156,0.2659171826695095,11.71875,5.842906678708687,8.38563820229419,0.3339817275616287,0.0078518922137559,0.0788892129734303,1.0308367941077466e-05,0.7702728441077825,0.7518488114655003,0.2960684965078554,p_sf_b,p_sf_b
