index,true_label,predicted_label,channel,mean,median,variance,std,skewness,kurtosis,zcr,energy,ptp,psd_delta,psd_theta,psd_alpha,psd_beta,total_power,rel_alpha,ratio_theta_alpha,ratio_beta_alpha,spectral_edge,sample_entropy,perm_entropy,higuchi_fd,hjorth_activity,hjorth_mobility,hjorth_complexity,spectral_entropy,lempel_ziv,phase_locking_value,alpha_peak_freq,ind_alpha_power,wavelet_complexity,signal_coherence,dyn_conn_variance,psd_gamma_low,psd_gamma_high,dfa,energy_ratio,microstate_var,label,session
248,o_sq_s,n_3_s,O1,0.7911840852164965,0.6130923893230393,70.68044740472045,8.40716643136797,0.5094827853818182,2.4895689415568185,0.0762779552715655,71.30641966142034,75.90569946367428,4.071206695215618,1.8233782749482688,4.391093795239248,0.756956739380832,50.6967296752519,0.0866149320354051,0.4152446656742213,0.1723845526145472,21.484375,2.1290844887298923,0.6736551561280428,1.268936163148028,70.68044740472045,0.2446209084269813,1.9213719182516944,4.396635564757891,163,0.286274337626113,11.23046875,4.465133922606828,8.407987548441051,0.3566093047770612,0.01475542221955,0.0283322618554261,9.774146354920802e-06,0.7851416622013832,1.786424805171242,0.2473015520592007,o_sq_s,o_sq_s
