index,true_label,predicted_label,channel,mean,median,variance,std,skewness,kurtosis,zcr,energy,ptp,psd_delta,psd_theta,psd_alpha,psd_beta,total_power,rel_alpha,ratio_theta_alpha,ratio_beta_alpha,spectral_edge,sample_entropy,perm_entropy,higuchi_fd,hjorth_activity,hjorth_mobility,hjorth_complexity,spectral_entropy,lempel_ziv,phase_locking_value,alpha_peak_freq,ind_alpha_power,wavelet_complexity,signal_coherence,dyn_conn_variance,psd_gamma_low,psd_gamma_high,dfa,energy_ratio,microstate_var,label,session
70,p_af_b,p_sf_b,TP8,-0.4332909907281779,0.9635761447208946,117.33274118300352,10.832023872896675,-0.812486097707247,1.8995086834502457,0.0650958466453674,117.52048226564968,84.70666345457857,9.886105342530769,3.954745513752308,6.495897979812467,1.5948386086387378,100.1679849573487,0.0648500414835978,0.6088065924130291,0.2455147253844002,22.4609375,2.382506920099976,0.6938191220677902,1.2816714156313094,117.33274118300352,0.2753564820484006,1.757057578806645,4.389476349804183,150,0.2947701116814764,11.71875,5.897498800545868,8.391105501393795,0.3662566790053405,0.0075593432276808,0.0683762587109579,3.853764920412426e-05,0.7901228720789791,1.0648644149532374,0.2801074197675335,p_af_b,p_af_b
