index,true_label,predicted_label,channel,mean,median,variance,std,skewness,kurtosis,zcr,energy,ptp,psd_delta,psd_theta,psd_alpha,psd_beta,total_power,rel_alpha,ratio_theta_alpha,ratio_beta_alpha,spectral_edge,sample_entropy,perm_entropy,higuchi_fd,hjorth_activity,hjorth_mobility,hjorth_complexity,spectral_entropy,lempel_ziv,phase_locking_value,alpha_peak_freq,ind_alpha_power,wavelet_complexity,signal_coherence,dyn_conn_variance,psd_gamma_low,psd_gamma_high,dfa,energy_ratio,microstate_var,label,session
279,p_sf_b,a_pu_b,Fz,-0.6439520598838134,0.2145938962448496,119.89483507414394,10.94964999779189,-0.8896519122583202,2.661551980094906,0.0656948881789137,120.30950932957258,94.53613297019623,12.403950098323044,3.643201440868643,4.804852337726579,1.2419369552752404,93.35893060430432,0.0514664457553785,0.7582337988335408,0.2584755717722772,21.484375,2.39330749208882,0.693212619115272,1.258294832650656,119.89483507414394,0.245998945779608,1.936428882111608,4.2673078122205705,156,0.3124912447551914,11.23046875,6.883100795582303,8.393051848839606,0.3169165371668354,0.0089982627592145,0.0603006801240507,2.7512770115742336e-05,0.7986527534949323,1.1627723281405085,0.271592803081048,p_sf_b,p_sf_b
106,a_pu_b,p_sf_b,O2,0.3245703632123191,0.7410686214192403,355.12799012447164,18.844839880573986,1.2452000072622782,18.054315293734195,0.0782747603833865,355.2333360451474,297.81951326474984,4.807490080375967,2.0261324269801246,10.726858952039112,1.0476246310517547,84.29167911613642,0.127258812073962,0.1888840373532616,0.097663690343631,21.484375,2.936239130035296,0.6595245228903307,1.256259200841238,355.12799012447164,0.1842709464295889,2.679462514086654,3.854365272519414,173,0.58599321465991,10.7421875,13.958370314172011,8.100376881908215,0.3546569777458869,0.0052707323548825,0.0561883875087256,0.0001048327670935,0.9137751511008247,0.712510106406737,0.1998467758275168,a_pu_b,a_pu_b
