label_combination,best_model,n_samples,samples_imagery,samples_instruction,accuracy,precision_macro,recall_macro,f1_macro,precision_weighted,recall_weighted,f1_weighted,precision_imagery,recall_imagery,f1_imagery,precision_instruction,recall_instruction,f1_instruction,samples_baseline,precision_baseline,recall_baseline,f1_baseline
instruction_imagery,SVM,928,464.0,464.0,0.989247311827957,0.9894736842105263,0.989247311827957,0.9892460684551341,0.9894736842105264,0.989247311827957,0.9892460684551342,0.9789473684210527,1.0,0.9893617021276596,1.0,0.978494623655914,0.9891304347826086,,,,
instruction_baseline,RandomForest,928,,464.0,0.8602150537634409,0.8663139329805996,0.8602150537634408,0.8596307906652734,0.8663139329805996,0.8602150537634409,0.8596307906652734,,,,0.9135802469135802,0.7956989247311828,0.8505747126436781,464.0,0.819047619047619,0.9247311827956989,0.8686868686868687
imagery_baseline,RandomForest,928,464.0,,1.0,1.0,1.0,1.0,1.0,1.0,1.0,1.0,1.0,1.0,,,,464.0,1.0,1.0,1.0
