index,true_label,predicted_label,channel,mean,median,variance,std,skewness,kurtosis,zcr,energy,ptp,psd_delta,psd_theta,psd_alpha,psd_beta,total_power,rel_alpha,ratio_theta_alpha,ratio_beta_alpha,spectral_edge,sample_entropy,perm_entropy,higuchi_fd,hjorth_activity,hjorth_mobility,hjorth_complexity,spectral_entropy,lempel_ziv,phase_locking_value,alpha_peak_freq,ind_alpha_power,wavelet_complexity,signal_coherence,dyn_conn_variance,psd_gamma_low,psd_gamma_high,dfa,energy_ratio,microstate_var,label,session
185,a_pu_b,p_af_b,Oz,-0.447289361477753,0.5147275032263678,171.65230177737575,13.101614472170052,-0.6279591850341394,3.5627778704208817,0.0799549549549549,171.85236955026696,126.4767717159828,6.511474779377065,2.597165739440684,3.272770276483705,1.036451197438277,61.67028995571775,0.053068832315102,0.7935679928721127,0.3166892601309768,22.4609375,2.5727354647714344,0.7036211369635902,1.3605737117003591,171.65230177737575,0.2227696776705999,2.296822093073194,4.166304309751975,79,0.3742929898880714,11.71875,7.5167403012106915,6.856596876082638,0.280482823245066,0.0089800667397153,0.0557551729780746,3.905417377637812e-05,1.0911117691101648,0.8203411542802264,0.2356767023595291,a_pu_b,a_pu_b
