index,true_label,predicted_label,channel,mean,median,variance,std,skewness,kurtosis,zcr,energy,ptp,psd_delta,psd_theta,psd_alpha,psd_beta,total_power,rel_alpha,ratio_theta_alpha,ratio_beta_alpha,spectral_edge,sample_entropy,perm_entropy,higuchi_fd,hjorth_activity,hjorth_mobility,hjorth_complexity,spectral_entropy,lempel_ziv,phase_locking_value,alpha_peak_freq,ind_alpha_power,wavelet_complexity,signal_coherence,dyn_conn_variance,psd_gamma_low,psd_gamma_high,dfa,energy_ratio,microstate_var,label,session
233,o_sq_s,p_sf_s,Oz,0.8921105928625481,0.7112394683983041,167.3319216615051,12.935684043045622,-0.0134824046280255,0.9253847227611676,0.0765086206896551,168.1277829714027,98.056664986228,7.368385358971956,4.335326132280363,12.27772031646992,1.4782033112083444,115.1650014736672,0.1066098220758261,0.3531051384567499,0.1203972132534581,22.4609375,2.5599896973588345,0.6634643335604241,1.2612147297910772,167.3319216615051,0.2542736374551343,1.793992676079908,4.1749230961025,74,0.323675052503149,11.71875,15.662727700918236,7.062757734203227,0.3248031790502355,0.0143713886065301,0.0386999136145037,3.988648977232339e-05,0.8949427171506492,1.177092138364103,0.2684801222860325,o_sq_s,o_sq_s
